group,kind,name,bandwidth(Mbps),latency(ms),request_size(B),response_size(B),runtime(ms),send_bytes(B),recv_bytes(B),memory_rss(MB),tls_handshake_ms,online_ms,zk_proof_total,zk_generate_ms,zk_proof_bytes,zk_verify_attestor_ms,third_party_verify_ms,error
bandwidth,gnark,TLS1_3-gnark,10,25,1024,4096,18406.98,36242,46644,504.96,92.22,87.44,54,17516.84,30169,595.61,5.72,
bandwidth,gnark,TLS1_3-gnark,10,25,1024,4096,19581.28,36186,46434,488.1,100.89,89.64,54,18749.35,30169,517.93,11.62,
bandwidth,gnark,TLS1_3-gnark,10,25,1024,4096,18783.17,36237,46644,518.59,95.41,86.22,54,17935.08,30169,559.68,10.93,
bandwidth,gnark,TLS1_3-gnark,10,25,1024,4096,18207.15,36188,46432,496.26,100.28,87.49,54,17421.58,30169,498.17,6.51,
bandwidth,gnark,TLS1_3-gnark,10,25,1024,4096,18443.66,36190,46434,499.11,97.65,89.54,54,17638.86,30169,513.72,6.5,
bandwidth,gnark,TLS1_3-gnark,10,25,1024,4096,18333.59,36184,46433,457.71,92.55,87.95,54,17498.06,30169,552.05,9.57,
bandwidth,gnark,TLS1_3-gnark,10,25,1024,4096,18337.93,36187,46434,449.86,96.42,86.18,54,17544.01,30169,506.02,5.46,
bandwidth,gnark,TLS1_3-gnark,10,25,1024,4096,18479.53,36185,46433,466.72,93.05,87.71,54,17602.45,30169,582.83,11.92,
bandwidth,gnark,TLS1_3-gnark,10,25,1024,4096,18396.61,36186,46434,439.04,94.19,89.36,54,17572.04,30169,535.46,7.26,
bandwidth,gnark,TLS1_3-gnark,10,25,1024,4096,18371.11,36186,46434,442.76,95.8,87.12,54,17557.62,30169,523.12,7.31,
bandwidth,gnark,TLS1_3-gnark,50,25,1024,4096,18830.3,36186,46433,427.92,95.19,80.45,54,18078.06,30169,513.44,6.54,
bandwidth,gnark,TLS1_3-gnark,50,25,1024,4096,18409.07,36185,46434,429.62,101.11,80.29,54,17607.21,30169,550.23,7.46,
bandwidth,gnark,TLS1_3-gnark,50,25,1024,4096,18421.14,36188,46434,455.42,89.44,79.95,54,17655.92,30169,533.04,5.74,
bandwidth,gnark,TLS1_3-gnark,50,25,1024,4096,18962.47,36312,46779,424.95,93.31,106.47,54,18175.38,30169,522.7,6.23,
bandwidth,gnark,TLS1_3-gnark,50,25,1024,4096,18834.62,36187,46433,387.24,91.39,80.46,54,18068.11,30169,530.89,6.21,
bandwidth,gnark,TLS1_3-gnark,50,25,1024,4096,18684.02,36188,46505,428.16,95.66,80.95,54,17875.18,30169,570.36,6.27,
bandwidth,gnark,TLS1_3-gnark,50,25,1024,4096,19733.36,36186,46433,394.79,96.8,80.74,54,18953.56,30169,534.97,10.03,
bandwidth,gnark,TLS1_3-gnark,50,25,1024,4096,19161.23,36184,46434,455.5,97.92,79.33,54,18410.08,30169,516.29,5.57,
bandwidth,gnark,TLS1_3-gnark,50,25,1024,4096,19562.14,36186,46434,457.04,92.26,79.92,54,18719.97,30169,610.95,6.13,
bandwidth,gnark,TLS1_3-gnark,50,25,1024,4096,19354.24,36185,46434,466.77,108.41,79.97,54,18556.43,30169,545.97,6.85,
bandwidth,gnark,TLS1_3-gnark,100,25,1024,4096,19162.52,36186,46434,416.36,90.45,78.08,54,18398.38,30169,537.92,5.44,
bandwidth,gnark,TLS1_3-gnark,100,25,1024,4096,19079.15,36192,46433,488.03,90.04,78.7,54,18303.91,30169,552.95,5.86,
bandwidth,gnark,TLS1_3-gnark,100,25,1024,4096,18828.01,36186,46433,455.75,95.78,80.76,54,18076.58,30169,518.66,5.31,
bandwidth,gnark,TLS1_3-gnark,100,25,1024,4096,20770.55,36185,46433,389.43,100.59,78.47,54,19985.55,30169,551.73,7.03,
bandwidth,gnark,TLS1_3-gnark,100,25,1024,4096,18856.85,36185,46433,455.58,94.95,78.93,54,18116.49,30169,513.84,5.54,
bandwidth,gnark,TLS1_3-gnark,100,25,1024,4096,18445.63,36185,46434,415.67,103.95,78.63,54,17659.47,30169,550.55,5.34,
bandwidth,gnark,TLS1_3-gnark,100,25,1024,4096,18666.66,36186,46434,410.61,93.86,78.5,54,17934.41,30169,509.05,5.09,
bandwidth,gnark,TLS1_3-gnark,100,25,1024,4096,18621.18,36188,46434,450.42,105.34,81.21,54,17838.12,30169,542.46,6.01,
bandwidth,gnark,TLS1_3-gnark,100,25,1024,4096,19481.47,36187,46433,458.21,106.14,78.51,54,18714.94,30169,526.34,5.58,
bandwidth,gnark,TLS1_3-gnark,100,25,1024,4096,18625.34,36189,46433,470.62,93.35,79.35,54,17851.36,30169,548.9,5.3,
bandwidth,gnark,TLS1_3-gnark,250,25,1024,4096,18584.98,36185,46434,453.77,88.64,77.46,54,17843.57,30169,525.39,5.75,
bandwidth,gnark,TLS1_3-gnark,250,25,1024,4096,18451.5,36184,46434,446.48,86.46,77.6,54,17688.88,30169,548.03,6.31,
bandwidth,gnark,TLS1_3-gnark,250,25,1024,4096,18888.07,36188,46434,446.07,90.27,78.23,54,18112.14,30169,558.38,5.02,
bandwidth,gnark,TLS1_3-gnark,250,25,1024,4096,18410.42,36189,46434,462.96,100.53,77.9,54,17637.38,30169,545.1,5.34,
bandwidth,gnark,TLS1_3-gnark,250,25,1024,4096,20350.87,36184,46433,416.02,91.52,77.84,54,19596.3,30169,534.52,5.51,
bandwidth,gnark,TLS1_3-gnark,250,25,1024,4096,18308.91,36188,46433,392.63,92.22,78.76,54,17575.9,30169,512.36,5.75,
bandwidth,gnark,TLS1_3-gnark,250,25,1024,4096,18421.4,36188,46506,451.79,94.39,78.47,54,17664.92,30169,534.55,5.56,
bandwidth,gnark,TLS1_3-gnark,250,25,1024,4096,18665.02,36186,46434,439.01,93.64,80.13,54,17746.24,30169,688.48,6.69,
bandwidth,gnark,TLS1_3-gnark,250,25,1024,4096,18365.18,36186,46434,460.95,96.78,77.85,54,17630.41,30169,511.46,5.57,
bandwidth,gnark,TLS1_3-gnark,250,25,1024,4096,18467.1,36187,46504,427.71,88.18,79.77,54,17727.26,30169,522.72,5.57,
bandwidth,gnark,TLS1_3-gnark,1000,25,1024,4096,18251.92,36185,46434,458.8,97.21,78.19,54,17507.77,30169,521.6,5.38,
bandwidth,gnark,TLS1_3-gnark,1000,25,1024,4096,18700.32,36186,46434,451.68,95.47,77.57,54,17914.39,30169,564.6,5.65,
bandwidth,gnark,TLS1_3-gnark,1000,25,1024,4096,18882.38,36188,46506,473.47,89.96,79.23,54,18018.84,30169,643.58,6.1,
bandwidth,gnark,TLS1_3-gnark,1000,25,1024,4096,18439.96,36185,46434,446.71,89.03,77.5,54,17692.69,30169,533.48,5.49,
bandwidth,gnark,TLS1_3-gnark,1000,25,1024,4096,19099.48,36186,46434,456.81,91.62,78.66,54,18254.86,30169,624.65,6.09,
bandwidth,gnark,TLS1_3-gnark,1000,25,1024,4096,18304.16,36177,46428,459.95,101.58,77.68,54,17550.24,30168,527.15,5.08,
bandwidth,gnark,TLS1_3-gnark,1000,25,1024,4096,18275.21,36190,46506,393.99,90.29,80.13,54,17547.85,30169,509.4,5.11,
bandwidth,gnark,TLS1_3-gnark,1000,25,1024,4096,18726.93,36177,46500,468.2,87.68,79.79,54,17971.04,30168,540.66,4.99,
bandwidth,gnark,TLS1_3-gnark,1000,25,1024,4096,19432.77,36188,46506,462.16,90.35,78.85,54,18639.56,30169,572.42,7,
bandwidth,gnark,TLS1_3-gnark,1000,25,1024,4096,19316.5,36186,46506,476.52,93.28,78.96,54,18507.33,30169,588.77,5.45,
latency,gnark,TLS1_3-gnark,1000,10,1024,4096,18927,36227,46710,461.04,45.57,32.58,54,18199.94,30168,609.02,6.93,
latency,gnark,TLS1_3-gnark,1000,10,1024,4096,20410.26,36238,46768,492.32,44.79,33.18,54,19561.69,30169,733.65,6.62,
latency,gnark,TLS1_3-gnark,1000,10,1024,4096,21391.64,36238,46716,498.45,47.75,33.72,54,20751.86,30169,524.64,5.06,
latency,gnark,TLS1_3-gnark,1000,10,1024,4096,19332.35,36236,46696,505.04,42.73,33.15,54,18648.99,30169,574.77,5.65,
latency,gnark,TLS1_3-gnark,1000,10,1024,4096,19205.06,36239,46766,515.78,42.76,31.9,54,18469.18,30169,627.93,6,
latency,gnark,TLS1_3-gnark,1000,10,1024,4096,18724.2,36230,46689,510.94,43.48,32.28,54,18071.98,30168,543.55,5.38,
latency,gnark,TLS1_3-gnark,1000,10,1024,4096,18799.33,36240,46768,468.64,43.86,32.83,54,18115.03,30169,574.64,5.23,
latency,gnark,TLS1_3-gnark,1000,10,1024,4096,18511.53,36237,46768,458.6,43.46,32.3,54,17834.48,30169,567.04,5.77,
latency,gnark,TLS1_3-gnark,1000,10,1024,4096,18714.35,36240,46768,462,43.2,32.81,54,18066.94,30169,536.36,6.55,
latency,gnark,TLS1_3-gnark,1000,10,1024,4096,18931.99,36238,46644,470.19,42.32,32.6,54,18256.57,30169,567.64,5.74,
latency,gnark,TLS1_3-gnark,1000,25,1024,4096,19257.31,36186,46506,455.5,89.48,78.65,54,18465.51,30169,570.65,5.99,
latency,gnark,TLS1_3-gnark,1000,25,1024,4096,18590.59,36186,46504,444.25,93.11,78.38,54,17833.39,30169,533.13,6.42,
latency,gnark,TLS1_3-gnark,1000,25,1024,4096,18659.69,36185,46434,445.38,100.98,78.51,54,17840.83,30169,584.52,7.22,
latency,gnark,TLS1_3-gnark,1000,25,1024,4096,18467.61,36184,46434,444.09,92.27,78.43,54,17721.38,30169,525.52,5.47,
latency,gnark,TLS1_3-gnark,1000,25,1024,4096,18374.68,36188,46505,440.04,94,78.13,54,17632.92,30169,520.2,5.64,
latency,gnark,TLS1_3-gnark,1000,25,1024,4096,18711.91,36186,46506,457.82,91.14,77.48,54,17870.1,30169,610.49,9.22,
latency,gnark,TLS1_3-gnark,1000,25,1024,4096,19038.95,36186,46504,439.26,95.43,78.4,54,18282.78,30169,530.75,5.59,
latency,gnark,TLS1_3-gnark,1000,25,1024,4096,18703.34,36188,46433,476.38,88.23,77.75,54,17879.43,30169,606.96,5.72,
latency,gnark,TLS1_3-gnark,1000,25,1024,4096,19612.08,36186,46433,402.98,100.33,78.01,54,18726.48,30169,644.63,10.2,
latency,gnark,TLS1_3-gnark,1000,25,1024,4096,19911.06,36188,46506,456.92,88,78.5,54,19119.71,30169,570.4,5.8,
latency,gnark,TLS1_3-gnark,1000,50,1024,4096,19116.9,36289,46694,453.02,167.18,153.78,54,18165.4,30169,554.54,5.95,
latency,gnark,TLS1_3-gnark,1000,50,1024,4096,19185.16,36342,46766,449.44,170.13,153.54,54,18161.33,30169,624.82,6.25,
latency,gnark,TLS1_3-gnark,1000,50,1024,4096,22864,36289,46758,408.7,171,152.67,54,21528.81,30169,911.82,12.17,
latency,gnark,TLS1_3-gnark,1000,50,1024,4096,19456.27,36343,46766,457.32,168.82,153.58,54,18496.92,30169,562.1,5.87,
latency,gnark,TLS1_3-gnark,1000,50,1024,4096,18781.9,36344,46765,446.43,162.54,154.27,54,17856.16,30169,535.03,6.06,
latency,gnark,TLS1_3-gnark,1000,50,1024,4096,18694.01,36344,46766,454.7,167.51,155.87,54,17756.33,30169,538.6,5.84,
latency,gnark,TLS1_3-gnark,1000,50,1024,4096,19013.8,36342,46766,453.52,165.91,152.96,54,18087.61,30169,533.67,5.35,
latency,gnark,TLS1_3-gnark,1000,50,1024,4096,19569.8,36289,46694,478.46,169.05,153.66,54,18497.34,30169,674.27,7.54,
latency,gnark,TLS1_3-gnark,1000,50,1024,4096,19536.5,36292,46694,423.42,167.52,153.3,54,18595.78,30169,544.83,6.67,
latency,gnark,TLS1_3-gnark,1000,50,1024,4096,18594.9,36342,46766,462.06,167.83,154.31,54,17683.62,30169,516.55,5.46,
latency,gnark,TLS1_3-gnark,1000,100,1024,4096,19130.98,36343,46766,446.08,317.3,306.3,54,17849.8,30169,533.42,5.91,
latency,gnark,TLS1_3-gnark,1000,100,1024,4096,18733.79,36410,46904,410.56,319.1,306.98,54,17470.31,30169,509.95,5.15,
latency,gnark,TLS1_3-gnark,1000,100,1024,4096,18826.3,36461,46766,458.01,316.5,304.52,54,17538.76,30169,538.75,8.27,
latency,gnark,TLS1_3-gnark,1000,100,1024,4096,19777.47,36409,46694,442.64,314.74,303.87,54,18441.64,30169,592.7,5.62,
latency,gnark,TLS1_3-gnark,1000,100,1024,4096,20350.34,36410,46693,447.83,323.55,308.57,54,19053.81,30169,540.21,4.82,
latency,gnark,TLS1_3-gnark,1000,100,1024,4096,19909.53,36588,46882,467.69,315.45,407.4,54,18480.55,30169,575.85,9.83,
latency,gnark,TLS1_3-gnark,1000,100,1024,4096,19704.97,36290,46694,476.68,313.64,305.81,54,18399.72,30169,557.97,6.73,
latency,gnark,TLS1_3-gnark,1000,100,1024,4096,19274.67,36294,46694,454.23,321.04,303.86,54,17980.65,30169,538.87,12.75,
latency,gnark,TLS1_3-gnark,1000,100,1024,4096,20202.89,36411,46694,391.18,316.21,305.09,54,18914.46,30169,540.35,6.29,
latency,gnark,TLS1_3-gnark,1000,100,1024,4096,19352.95,36408,46694,440.84,322.17,304.41,54,18044.87,30169,557.8,5.85,
latency,gnark,TLS1_3-gnark,1000,200,1024,4096,19849.73,36289,46694,464.49,615.18,610.47,54,17884.94,30169,511.36,4.88,
latency,gnark,TLS1_3-gnark,1000,200,1024,4096,20287.21,36463,46904,463.35,620.84,603.35,54,18310.33,30169,528.95,5.48,
latency,gnark,TLS1_3-gnark,1000,200,1024,4096,22936.14,36463,46903,464.43,628.7,603.9,54,20943.29,30169,534.77,7.03,
latency,gnark,TLS1_3-gnark,1000,200,1024,4096,20895.78,36462,46903,488.01,614.6,605.94,54,18855.2,30169,594.82,5.47,
latency,gnark,TLS1_3-gnark,1000,200,1024,4096,20809.18,36461,46904,477.27,616.47,603.8,54,18737.63,30169,627.63,5.86,
latency,gnark,TLS1_3-gnark,1000,200,1024,4096,22822.58,36462,46904,436.74,613.98,603.54,54,20881.7,30169,496.82,9.06,
latency,gnark,TLS1_3-gnark,1000,200,1024,4096,21288.07,36460,46903,455.54,618.82,604.24,54,19256.39,30169,583.19,5.42,
latency,gnark,TLS1_3-gnark,1000,200,1024,4096,20958.05,36504,46970,474.04,618.83,606.01,54,18959.75,30168,547.94,7.24,
latency,gnark,TLS1_3-gnark,1000,200,1024,4096,21528.07,36462,46904,459.66,619.22,604.54,54,19579.22,30169,499.23,5.96,
latency,gnark,TLS1_3-gnark,1000,200,1024,4096,21254.11,36462,46904,465.17,616.08,603.79,54,19165.48,30169,645.48,5.4,
download_size,gnark,TLS1_3-gnark,200,10,2048,1024,6160.49,23091,26387,543.25,46.52,33.28,16,5808.64,15088,234.05,6.62,
download_size,gnark,TLS1_3-gnark,200,10,2048,1024,6049.21,23041,26460,543.7,45.6,33.54,16,5737.87,15088,199,5.88,
download_size,gnark,TLS1_3-gnark,200,10,2048,1024,5803.15,23042,26408,562.88,45.19,32.3,16,5498.72,15088,195.44,5.51,
download_size,gnark,TLS1_3-gnark,200,10,2048,1024,5934.65,23096,26388,542.41,43.97,32.2,16,5640.87,15088,186.9,5.31,
download_size,gnark,TLS1_3-gnark,200,10,2048,1024,5872.09,23041,26459,490.39,44.24,32.37,16,5543.15,15088,219.38,5.33,
download_size,gnark,TLS1_3-gnark,200,10,2048,1024,6144.98,23041,26407,533.49,42.1,32.25,16,5771.11,15088,264.33,6.85,
download_size,gnark,TLS1_3-gnark,200,10,2048,1024,6140.36,23092,26335,444.46,44.29,32.71,16,5809.43,15088,220,5.96,
download_size,gnark,TLS1_3-gnark,200,10,2048,1024,5730.87,23095,26388,434.74,45.05,32.49,16,5431.76,15088,189.82,5.22,
download_size,gnark,TLS1_3-gnark,200,10,2048,1024,5887.03,23038,26459,499.44,48.9,32.01,16,5589.08,15088,186.31,5.51,
download_size,gnark,TLS1_3-gnark,200,10,2048,1024,5772.07,23094,26388,470.9,46.49,33.35,16,5470.78,15088,189.63,5.14,
download_size,gnark,TLS1_3-gnark,200,10,2048,2048,10368.19,28611,33953,508.2,43.62,32.08,28,9948.75,20604,313.43,4.7,
download_size,gnark,TLS1_3-gnark,200,10,2048,2048,9978.38,28559,34025,513.83,44.13,33.09,28,9534.46,20604,334.92,5.29,
download_size,gnark,TLS1_3-gnark,200,10,2048,2048,11177.16,28671,33955,509.69,43.08,32.23,28,10715.77,20604,353.83,5.15,
download_size,gnark,TLS1_3-gnark,200,10,2048,2048,10324.08,28560,34025,479.46,41.76,33.2,28,9839.59,20604,374.36,6.01,
download_size,gnark,TLS1_3-gnark,200,10,2048,2048,9877.41,28559,34025,442.26,43.52,32.22,28,9479.16,20604,292.17,5.03,
download_size,gnark,TLS1_3-gnark,200,10,2048,2048,9771.88,28613,33953,426.4,41.55,32.31,28,9301.76,20604,336.75,6.65,
download_size,gnark,TLS1_3-gnark,200,10,2048,2048,9632.24,28611,33953,363.58,44.65,33.27,28,9233.87,20604,284.58,5.36,
download_size,gnark,TLS1_3-gnark,200,10,2048,2048,9653.25,28603,33895,382.06,54.22,32.15,28,9211.7,20603,320.01,5.91,
download_size,gnark,TLS1_3-gnark,200,10,2048,2048,11330.8,28616,34027,435.02,41.2,32.35,28,10862.12,20604,355.17,6.76,
download_size,gnark,TLS1_3-gnark,200,10,2048,2048,10014.68,28611,33901,432.46,43.68,32.5,28,9592.64,20604,310.14,5.31,
download_size,gnark,TLS1_3-gnark,200,10,2048,4096,18586.52,40336,49788,444.7,42.9,32.42,54,17963.94,32217,509.92,5.49,
download_size,gnark,TLS1_3-gnark,200,10,2048,4096,18556.12,40333,49839,418.09,44.62,32.47,54,17931.59,32217,509.12,7.16,
download_size,gnark,TLS1_3-gnark,200,10,2048,4096,18476.62,40338,49767,429.75,47.6,32.07,54,17758.78,32217,596.59,6.6,
download_size,gnark,TLS1_3-gnark,200,10,2048,4096,18652.02,40335,49840,440.52,42.58,32.38,54,18022.17,32217,516.96,5.13,
download_size,gnark,TLS1_3-gnark,200,10,2048,4096,18341.83,40334,49716,388.2,42.11,32.27,54,17666.1,32217,562.27,5.82,
download_size,gnark,TLS1_3-gnark,200,10,2048,4096,18877.82,40333,49838,457.91,42.52,32.08,54,18250.36,32217,515.39,6.17,
download_size,gnark,TLS1_3-gnark,200,10,2048,4096,18440.48,40334,49840,404.52,42.88,32.57,54,17733.13,32217,594.44,6.55,
download_size,gnark,TLS1_3-gnark,200,10,2048,4096,21462.37,40333,49787,462.04,47.98,32.38,54,20822.12,32217,523.62,5.15,
download_size,gnark,TLS1_3-gnark,200,10,2048,4096,18573.07,40336,49768,432.76,44.33,31.98,54,17941.17,32217,520.76,5.49,
download_size,gnark,TLS1_3-gnark,200,10,2048,4096,18743.73,40326,49832,452.07,42.53,33.67,54,18075.14,32216,555.31,6.42,
download_size,gnark,TLS1_3-gnark,200,10,2048,8192,36903.37,63479,81049,442.6,48.63,36.66,105,35751.71,55148,1024.35,6.64,
download_size,gnark,TLS1_3-gnark,200,10,2048,8192,35256.63,63479,81101,438.08,54.22,32.77,105,34191.26,55148,939.27,5.94,
download_size,gnark,TLS1_3-gnark,200,10,2048,8192,37283.33,63475,81100,448.46,44.78,32.65,105,36154.51,55148,1011.41,5.82,
download_size,gnark,TLS1_3-gnark,200,10,2048,8192,35860.2,63483,81047,402.31,43.53,32.59,105,34770.62,55148,974.69,5.95,
download_size,gnark,TLS1_3-gnark,200,10,2048,8192,35892.24,63479,81100,373.79,41.77,32.66,105,34790.62,55148,985.99,6.03,
download_size,gnark,TLS1_3-gnark,200,10,2048,8192,35796.97,63481,81121,377.04,42.41,33.32,105,34685.66,55148,994.95,5.73,
download_size,gnark,TLS1_3-gnark,200,10,2048,8192,35284.64,63479,81101,437.05,41.41,32.9,105,34190.19,55148,977.49,6.83,
download_size,gnark,TLS1_3-gnark,200,10,2048,8192,37812.88,63479,81101,413.94,42.02,32.94,105,36701.26,55148,997.71,6.04,
download_size,gnark,TLS1_3-gnark,200,10,2048,8192,35957.21,63471,81114,437.7,44.56,33.62,105,34870.38,55147,969.32,5.65,
download_size,gnark,TLS1_3-gnark,200,10,2048,8192,35531.88,63480,81049,429.36,44.28,33.3,105,34436.31,55148,978.99,5.49,
download_size,gnark,TLS1_3-gnark,200,10,2048,16384,71850.01,109948,143942,429.39,45.3,33.53,208,69843.83,101337,1863.74,9.84,
download_size,gnark,TLS1_3-gnark,200,10,2048,16384,71240.38,109948,143941,456.48,44.01,35.36,208,69238.42,101337,1861.76,7.78,
download_size,gnark,TLS1_3-gnark,200,10,2048,16384,70161.37,109947,143942,448.43,43.34,33.67,208,68156.47,101337,1869.05,7.39,
download_size,gnark,TLS1_3-gnark,200,10,2048,16384,70526.23,109950,143942,382.95,43.79,34.54,208,68506.42,101337,1879.23,8.19,
download_size,gnark,TLS1_3-gnark,200,10,2048,16384,70573.74,109947,143992,422.43,43.19,33.65,208,68614,101337,1821.95,8.19,
download_size,gnark,TLS1_3-gnark,200,10,2048,16384,70523.49,109945,143993,450,46.02,33.82,208,68526.84,101337,1856.29,7.21,
download_size,gnark,TLS1_3-gnark,200,10,2048,16384,70486.41,109948,143994,458.5,41.13,33.13,208,68428.59,101337,1921.41,8.6,
download_size,gnark,TLS1_3-gnark,200,10,2048,16384,71049.09,109948,143942,464.86,58.32,33.77,208,69048.61,101337,1846.93,7.74,
download_size,gnark,TLS1_3-gnark,200,10,2048,16384,70740.4,109948,143994,462.34,44.95,33.95,208,68746.08,101337,1856.84,7.3,
download_size,gnark,TLS1_3-gnark,200,10,2048,16384,70082.76,109947,143993,399.53,43.63,34.47,208,68061.6,101337,1881.14,8.96,
download_size,gnark,TLS1_3-gnark,200,10,2048,32768,140598.92,202699,269487,428.91,44.42,37.3,413,136668.16,193387,3739.76,10.26,
download_size,gnark,TLS1_3-gnark,200,10,2048,32768,142883.85,202698,269540,448.69,65.53,40.05,413,138914.83,193387,3756.25,9.42,
download_size,gnark,TLS1_3-gnark,200,10,2048,32768,140687.41,202697,269539,443.68,62.56,37.38,413,136852.17,193387,3627.2,10.02,
download_size,gnark,TLS1_3-gnark,200,10,2048,32768,141699.08,202700,269539,435.46,43.05,35.52,413,137610.13,193387,3905.07,10.2,
download_size,gnark,TLS1_3-gnark,200,10,2048,32768,139743,202695,269538,435.77,46.64,36.08,413,135959.31,193387,3591.32,11.21,
download_size,gnark,TLS1_3-gnark,200,10,2048,32768,139798.64,202697,269539,448.67,55.6,35.8,413,135557.41,193387,4043.44,11.03,
download_size,gnark,TLS1_3-gnark,200,10,2048,32768,140021.09,202699,269538,379.21,45.34,35.76,413,135924.25,193387,3905.39,11.48,
download_size,gnark,TLS1_3-gnark,200,10,2048,32768,139997.74,202757,269542,431.77,48.72,35.57,413,136211.79,193387,3595.54,9.4,
download_size,gnark,TLS1_3-gnark,200,10,2048,32768,141627.7,202698,269488,466.01,42.32,36.56,413,137594.38,193387,3848.46,11.13,
download_size,gnark,TLS1_3-gnark,200,10,2048,32768,139397.53,202704,269539,437.86,41.86,36.73,413,135611.61,193387,3601.47,9.35,
download_size,gnark,TLS1_3-gnark,200,10,2048,65536,279281.3,388194,520760,446.54,46.53,37.9,823,271772.18,377486,7257.41,17.47,
download_size,gnark,TLS1_3-gnark,200,10,2048,65536,279963.66,388204,520766,447.73,47.24,36.55,823,272156.51,377487,7560.35,16.9,
download_size,gnark,TLS1_3-gnark,200,10,2048,65536,280394.51,388206,520714,438.8,44.49,37.34,823,272837.42,377487,7307.74,15.15,
download_size,gnark,TLS1_3-gnark,200,10,2048,65536,279656.46,388151,520712,436.76,45.05,37.09,823,272203.97,377487,7215.29,20.92,
download_size,gnark,TLS1_3-gnark,200,10,2048,65536,280169.87,388205,520765,405.66,47.61,36.8,823,272662.32,377487,7255.69,15.64,
download_size,gnark,TLS1_3-gnark,200,10,2048,65536,281030.57,388094,520608,456.29,47.59,37.73,823,273502.08,377487,7263.12,21.89,
download_size,gnark,TLS1_3-gnark,200,10,2048,65536,278273.09,388154,520714,444.19,44.12,36.96,823,270667.32,377487,7372.41,17.71,
download_size,gnark,TLS1_3-gnark,200,10,2048,65536,280691.98,388203,520765,461.73,46.89,37.49,823,273110.4,377487,7324.94,18.48,
download_size,gnark,TLS1_3-gnark,200,10,2048,65536,281916.12,388207,520714,479.23,44.65,37.35,823,274482.14,377487,7175.86,16.29,
download_size,gnark,TLS1_3-gnark,200,10,2048,65536,280131.08,388149,520662,472.2,46.95,37.38,823,272454.58,377487,7444.17,15.71,
download_size,gnark,TLS1_3-gnark,200,10,2048,131072,559472.91,759065,1022805,431.96,48.41,59.08,1643,544262.61,745691,14851.4,24.45,
download_size,gnark,TLS1_3-gnark,200,10,2048,131072,555877.56,759395,1023123,473.53,56.44,61,1643,541060.17,745691,14443.08,26.25,
download_size,gnark,TLS1_3-gnark,200,10,2048,131072,559459.99,759176,1022963,477.38,43.31,59.03,1643,544656.82,745691,14437.15,26.56,
download_size,gnark,TLS1_3-gnark,200,10,2048,131072,560829.55,758958,1022751,492.33,41.57,58.78,1643,545639.92,745691,14845.6,24.37,
download_size,gnark,TLS1_3-gnark,200,10,2048,131072,558120.54,759396,1023123,426.33,44.86,59.05,1643,543411.97,745691,14349.24,25.99,
download_size,gnark,TLS1_3-gnark,200,10,2048,131072,559726.84,759284,1023070,433.84,44.9,59.94,1643,544438.39,745691,14926.38,26.83,
download_size,gnark,TLS1_3-gnark,200,10,2048,131072,554784.33,759068,1022806,458.39,45.21,58.63,1643,539705.91,745691,14717.09,27.14,
download_size,gnark,TLS1_3-gnark,200,10,2048,131072,558701.75,759068,1022806,448.16,43.62,60.13,1643,543906.22,745691,14427.07,26.03,
download_size,gnark,TLS1_3-gnark,200,10,2048,131072,555470.92,759013,1022754,490.15,45.72,59.57,1643,540748.69,745691,14392.93,26.19,
download_size,gnark,TLS1_3-gnark,200,10,2048,131072,558410.66,759175,1022912,499.21,44.8,58.93,1643,543402.12,745691,14650.54,28.15,
