group,name,latency,bandwidth,upload_size,download_size,defer_decryption,time_preprocess,time_online,time_generate_zk_proof,time_total,uploaded_preprocess,downloaded_preprocess,uploaded_online,downloaded_online,uploaded_total,downloaded_total,heap_max_bytes,time_zk_verify,time_verify
,,1,1000,1024,4096,true,544,297,443,1285,33561784,3297533,729517,21113,34590047,3991218,,433,760
,,1,1000,1024,4096,true,470,249,445,1164,33561784,3297401,729517,21101,34590047,3991074,,450,722
,,1,1000,1024,4096,true,537,233,414,1184,33561892,3297557,729517,21113,34590167,3991242,,413,669
bandwidth,,25,10,1024,4096,true,29396,1537,1111,32045,33561568,3296969,729517,21113,34589843,3990654,,1179,2762
bandwidth,,25,10,1024,4096,true,29337,1560,999,31897,33561532,3296957,729517,21113,34589807,3990642,,1102,2694
bandwidth,,25,10,1024,4096,true,29369,1545,997,31912,33561592,3296957,729517,21113,34589867,3990642,,1098,2676
bandwidth,,25,10,1024,4096,true,29300,1565,1014,31880,33561544,3296945,729517,21113,34589819,3990630,,1119,2710
bandwidth,,25,10,1024,4096,true,29373,1548,1014,31936,33561532,3296933,729517,21113,34589807,3990618,,1114,2700
bandwidth,,25,10,1024,4096,true,29389,1535,986,31912,33561532,3296945,729517,21113,34589807,3990630,,1082,2657
bandwidth,,25,10,1024,4096,true,29451,1539,1029,32020,33561520,3296933,729517,21113,34589795,3990618,,1112,2688
bandwidth,,25,10,1024,4096,true,29402,1564,997,31964,33561616,3297005,729517,21113,34589891,3990690,,1077,2684
bandwidth,,25,10,1024,4096,true,29400,1534,1022,31956,33561556,3296945,729517,21113,34589831,3990630,,1107,2659
bandwidth,,25,10,1024,4096,true,29266,1572,1021,31860,33561580,3296957,729517,21113,34589855,3990642,,1131,2733
bandwidth,,25,50,1024,4096,true,6191,1201,531,7923,33561460,3297053,729529,21101,34589747,3990726,,523,1745
bandwidth,,25,50,1024,4096,true,6176,1210,543,7930,33561448,3297077,729529,21113,34589735,3990762,,530,1768
bandwidth,,25,50,1024,4096,true,6155,1205,525,7886,33561472,3297065,729529,21101,34589759,3990738,,517,1747
bandwidth,,25,50,1024,4096,true,6187,1183,530,7901,33561472,3297077,729529,21101,34589759,3990750,,526,1729
bandwidth,,25,50,1024,4096,true,6169,1217,551,7938,33561472,3297053,729529,21101,34589759,3990726,,552,1794
bandwidth,,25,50,1024,4096,true,6197,1192,535,7924,33561472,3297065,729529,21101,34589759,3990738,,525,1734
bandwidth,,25,50,1024,4096,true,6178,1221,516,7916,33561448,3297053,729529,21101,34589735,3990726,,505,1751
bandwidth,,25,50,1024,4096,true,6148,1209,528,7885,33561460,3297065,729529,21113,34589747,3990750,,522,1755
bandwidth,,25,50,1024,4096,true,6121,1217,536,7875,33561448,3297053,729529,21101,34589735,3990726,,532,1769
bandwidth,,25,50,1024,4096,true,6169,1205,522,7897,33561472,3297053,729529,21113,34589759,3990738,,520,1750
bandwidth,,25,100,1024,4096,true,3278,1177,478,4934,33561424,3296933,729517,21101,34589687,3990606,,472,1673
bandwidth,,25,100,1024,4096,true,3355,1208,513,5076,33561412,3296945,729517,21101,34589675,3990618,,511,1742
bandwidth,,25,100,1024,4096,true,3344,1190,512,5047,33561388,3296873,729517,21101,34589651,3990546,,503,1719
bandwidth,,25,100,1024,4096,true,3357,1148,482,4988,33561412,3296861,729517,21101,34589675,3990534,,471,1643
bandwidth,,25,100,1024,4096,true,3324,1217,594,5136,33561400,3296933,729517,21101,34589663,3990606,,580,1824
bandwidth,,25,100,1024,4096,true,3381,1203,686,5271,33561448,3296837,729517,21101,34589711,3990510,,669,1911
bandwidth,,25,100,1024,4096,true,3339,1193,492,5025,33561412,3296921,729517,21101,34589687,3990594,,496,1707
bandwidth,,25,100,1024,4096,true,3319,1195,520,5035,33561448,3296909,729517,21101,34589711,3990582,,514,1730
bandwidth,,25,100,1024,4096,true,3244,1133,542,4920,33561460,3296909,729517,21101,34589723,3990582,,523,1682
bandwidth,,25,100,1024,4096,true,3285,1191,508,4986,33561436,3296933,729529,21101,34589711,3990606,,508,1724
bandwidth,,25,250,1024,4096,true,1760,1187,513,3461,33561364,3296645,729517,21113,34589627,3990330,,501,1719
bandwidth,,25,250,1024,4096,true,1714,1162,503,3380,33561340,3296669,729517,21113,34589603,3990354,,500,1685
bandwidth,,25,250,1024,4096,true,1737,1190,531,3460,33561364,3296633,729517,21113,34589627,3990318,,516,1733
bandwidth,,25,250,1024,4096,true,1720,1186,538,3445,33561364,3296645,729517,21113,34589627,3990330,,520,1734
bandwidth,,25,250,1024,4096,true,1693,1162,506,3361,33561364,3296633,729517,21113,34589627,3990318,,496,1680
bandwidth,,25,250,1024,4096,true,1750,1200,500,3450,33561340,3296657,729517,21113,34589603,3990342,,493,1716
bandwidth,,25,250,1024,4096,true,1742,1200,497,3440,33561340,3296645,729517,21113,34589603,3990330,,484,1704
bandwidth,,25,250,1024,4096,true,1744,1184,538,3466,33561364,3296645,729517,21113,34589627,3990330,,522,1730
bandwidth,,25,250,1024,4096,true,1714,1171,545,3432,33561340,3296633,729517,21113,34589603,3990318,,527,1732
bandwidth,,25,250,1024,4096,true,1724,1169,480,3374,33561364,3296645,729517,21113,34589627,3990330,,474,1663
bandwidth,,25,1000,1024,4096,true,945,1188,486,2621,33561328,3296633,729529,21113,34589603,3990318,,479,1687
bandwidth,,25,1000,1024,4096,true,970,1171,483,2625,33561340,3296645,729517,21113,34589603,3990330,,473,1670
bandwidth,,25,1000,1024,4096,true,953,1168,461,2583,33561352,3296633,729517,21101,34589615,3990306,,464,1654
bandwidth,,25,1000,1024,4096,true,972,1171,627,2771,33561340,3296633,729517,21113,34589603,3990318,,614,1816
bandwidth,,25,1000,1024,4096,true,966,1161,502,2630,33561340,3296633,729517,21101,34589603,3990306,,490,1673
bandwidth,,25,1000,1024,4096,true,949,1180,501,2631,33561352,3296645,729517,21113,34589615,3990330,,485,1688
bandwidth,,25,1000,1024,4096,true,958,1199,517,2675,33561328,3296633,729517,21113,34589591,3990318,,516,1743
bandwidth,,25,1000,1024,4096,true,947,1158,493,2599,33561340,3296633,729517,21101,34589603,3990306,,488,1668
bandwidth,,25,1000,1024,4096,true,963,1169,493,2626,33561340,3296645,729517,21113,34589603,3990330,,485,1673
bandwidth,,25,1000,1024,4096,true,1006,1202,506,2715,33561352,3296657,729517,21113,34589615,3990342,,500,1727
download_size,,10,200,2048,1024,true,2311,835,201,3348,46700956,3361341,1276585,22149,48161639,3992014,,201,1047
download_size,,10,200,2048,1024,true,2338,808,214,3362,46700884,3361497,1276585,22149,48161567,3992170,,211,1036
download_size,,10,200,2048,1024,true,2332,829,216,3378,46701616,3362613,1276585,22149,48162299,3993286,,218,1061
download_size,,10,200,2048,1024,true,2407,865,209,3483,46700956,3361341,1276585,22149,48161639,3992014,,212,1092
download_size,,10,200,2048,1024,true,2353,817,216,3386,46701304,3361845,1276573,22149,48161975,3992518,,218,1047
download_size,,10,200,2048,1024,true,2388,837,237,3464,46701520,3362121,1276573,22149,48162191,3992794,,231,1090
download_size,,10,200,2048,1024,true,2370,839,212,3423,46700908,3361353,1274002,22149,48161591,3992026,,209,1067
download_size,,10,200,2048,1024,true,2308,828,224,3361,46700980,3361329,1276573,22149,48161651,3992002,,227,1067
download_size,,10,200,2048,1024,true,2393,877,201,3472,46700980,3361329,1276585,22149,48161663,3992002,,202,1093
download_size,,10,200,2048,1024,true,2353,824,219,3397,46700980,3361341,1276573,22149,48161651,3992014,,216,1053
download_size,,10,200,2048,2048,true,2378,818,261,3459,46701748,3362841,1277609,22149,48220655,3993514,,264,1100
download_size,,10,200,2048,2048,true,2399,807,288,3495,46701532,3362121,1277609,22137,48220439,3992782,,284,1114
download_size,,10,200,2048,2048,true,2408,830,237,3477,46700908,3361353,1277609,22149,48219815,3992026,,233,1079
download_size,,10,200,2048,2048,true,2366,794,261,3422,46700920,3361353,1277597,22149,48219815,3992026,,261,1073
download_size,,10,200,2048,2048,true,2391,840,292,3523,46700932,3361341,1275014,22149,48219827,3992014,,295,1160
download_size,,10,200,2048,2048,true,2354,809,254,3418,46700932,3361341,1277609,22149,48219839,3992014,,255,1078
download_size,,10,200,2048,2048,true,2346,813,253,3413,46700920,3361485,1276748,22149,48219827,3992158,,249,1077
download_size,,10,200,2048,2048,true,2352,834,285,3472,46700968,3361329,1275026,22149,48219875,3992002,,280,1131
download_size,,10,200,2048,2048,true,2398,854,254,3508,46701580,3362397,1277597,22137,48220475,3993058,,246,1123
download_size,,10,200,2048,2048,true,2334,818,241,3394,46700884,3361353,1277609,22149,48219791,3992026,,249,1080
download_size,,10,200,2048,4096,true,2349,833,414,3596,46700884,3361497,1279645,22149,48336475,4056218,,413,1261
download_size,,10,200,2048,4096,true,2320,810,380,3510,46700980,3361329,1279657,22149,48336583,4056050,,378,1204
download_size,,10,200,2048,4096,true,2329,823,399,3553,46701508,3362109,1279657,22137,48337111,4056818,,396,1236
download_size,,10,200,2048,4096,true,2376,841,413,3631,46700932,3361341,1279645,22149,48336523,4056062,,410,1269
download_size,,10,200,2048,4096,true,2334,817,415,3568,46700932,3361353,1279645,22149,48336523,4056074,,419,1248
download_size,,10,200,2048,4096,true,2344,828,400,3573,46700896,3361353,1279657,22149,48336499,4056074,,400,1243
download_size,,10,200,2048,4096,true,2321,811,409,3542,46700920,3361353,1279657,22149,48336523,4056074,,406,1237
download_size,,10,200,2048,4096,true,2374,857,476,3708,46701556,3362373,1279657,22161,48337159,4057106,,475,1353
download_size,,10,200,2048,4096,true,2339,830,441,3612,46700968,3361329,1279657,22149,48336571,4056050,,437,1291
download_size,,10,200,2048,4096,true,2350,837,396,3583,46700932,3361353,1279645,22149,48336523,4056074,,389,1247
download_size,,10,200,2048,8192,true,2333,811,825,3971,46700932,3361341,1283753,22149,48569683,4120098,,819,1651
download_size,,10,200,2048,8192,true,2359,825,992,4177,46701616,3362625,1283741,22137,48570355,4121370,,1002,1852
download_size,,10,200,2048,8192,true,2353,814,912,4079,46701736,3362853,1283753,22149,48570487,4121610,,897,1741
download_size,,10,200,2048,8192,true,2372,821,943,4136,46700932,3361353,1283753,22149,48569683,4120110,,937,1784
download_size,,10,200,2048,8192,true,2434,816,913,4164,46700908,3361317,1283753,22149,48569671,4120074,,907,1747
download_size,,10,200,2048,8192,true,2362,810,893,4066,46700980,3361317,1283741,22149,48569719,4120074,,881,1721
download_size,,10,200,2048,8192,true,2357,821,850,4029,46700944,3361329,1283741,22149,48569695,4120086,,842,1689
download_size,,10,200,2048,8192,true,2365,823,894,4082,46701496,3362025,1283753,22149,48570247,4120782,,884,1739
download_size,,10,200,2048,8192,true,2315,799,968,4083,46700944,3361281,1283741,22149,48569683,4120038,,972,1805
download_size,,10,200,2048,8192,true,2374,833,872,4079,46700896,3361305,1283753,22137,48569647,4120050,,866,1732
download_size,,10,200,2048,16384,true,2357,877,1825,5060,46701604,3362553,1293159,22153,49037683,4185446,,1774,2715
download_size,,10,200,2048,16384,true,2382,891,1954,5227,46700992,3361329,1293147,22153,49037059,4184222,,1921,2864
download_size,,10,200,2048,16384,true,2391,874,1833,5098,46700908,3361305,1293147,22141,49036975,4184186,,1804,2729
download_size,,10,200,2048,16384,true,2387,881,1999,5268,46700932,3361341,1293147,22153,49036999,4184234,,1961,2896
download_size,,10,200,2048,16384,true,2359,879,1709,4949,46700884,3361317,1293159,22153,49036963,4184150,,1685,2618
download_size,,10,200,2048,16384,true,2360,907,1913,5181,46701484,3361953,1293159,22165,49037563,4184858,,1891,2845
download_size,,10,200,2048,16384,true,2353,898,1697,4950,46700884,3361293,1292298,22141,49036963,4184174,,1673,2620
download_size,,10,200,2048,16384,true,2374,851,2114,5341,46701748,3362865,1293159,22153,49037827,4185698,,2110,3013
download_size,,10,200,2048,16384,true,2406,884,1878,5168,46701448,3361977,1293159,22165,49037527,4184822,,1863,2793
download_size,,10,200,2048,16384,true,2405,900,1917,5224,46700908,3361341,1293147,22153,49036975,4184234,,1864,2835
download_size,,10,200,2048,32768,true,2468,920,4071,7460,46700920,3361353,1310559,22153,49969907,4248330,,3978,5025
download_size,,10,200,2048,32768,true,2393,885,3784,7063,46700932,3361353,1310547,22153,49969907,4248330,,3707,4692
download_size,,10,200,2048,32768,true,2383,878,4010,7272,46700920,3361329,1310547,22153,49969895,4248306,,3920,4911
download_size,,10,200,2048,32768,true,2406,893,4641,7941,46700896,3361305,1310559,22153,49969883,4248282,,4556,5556
download_size,,10,200,2048,32768,true,2393,923,4467,7784,46700896,3361293,1310547,22141,49969871,4248258,,4361,5411
download_size,,10,200,2048,32768,true,2374,901,4047,7323,46700944,3361341,1310559,22153,49969931,4248318,,3952,4972
download_size,,10,200,2048,32768,true,2375,899,4199,7475,46700920,3361293,1310559,22141,49969907,4248258,,4104,5123
download_size,,10,200,2048,32768,true,2354,884,4391,7630,46700968,3361317,1310559,22153,49969955,4248294,,4306,5300
download_size,,10,200,2048,32768,true,2360,881,4730,7972,46700920,3361293,1308825,22141,49969895,4248234,,4738,5732
download_size,,10,200,2048,32768,true,2361,899,4346,7607,46701508,3362097,1310547,22153,49970483,4249074,,4243,5267
download_size,,10,200,2048,65536,true,2364,953,8090,11408,46700956,3361353,1345347,22153,51838717,5113238,,7854,9071
download_size,,10,200,2048,65536,true,2334,927,8865,12126,46701448,3362037,1345347,22153,51839209,5113922,,8733,9899
download_size,,10,200,2048,65536,true,2387,938,7543,10869,46700944,3361341,1345359,22153,51838717,5113238,,7284,8506
download_size,,10,200,2048,65536,true,2369,943,8354,11667,46700944,3361473,1345359,22153,51838717,5113370,,8123,9326
download_size,,10,200,2048,65536,true,2359,949,9116,12425,46700932,3361329,1345347,22153,51838693,5113226,,8883,10090
download_size,,10,200,2048,65536,true,2348,942,8071,11362,46700872,3361305,1345359,22153,51838645,5113202,,7831,9040
download_size,,10,200,2048,65536,true,2415,949,8047,11412,46700884,3361281,1345359,22141,51838657,5113166,,7769,9023
download_size,,10,200,2048,65536,true,2355,940,8231,11528,46700944,3361353,1345359,22153,51838717,5113226,,8040,9258
download_size,,10,200,2048,65536,true,2347,933,7964,11245,46701520,3362121,1345359,22165,51839293,5114018,,7697,8922
download_size,,10,200,2048,65536,true,2371,957,8132,11462,46701508,3362133,1345359,22153,51839281,5114018,,7891,9118
download_size,,10,200,2048,131072,true,2357,1009,15880,19247,46700920,3361353,1415174,22153,55572992,5978242,,15894,17002
download_size,,10,200,2048,131072,true,2397,969,16547,19914,46700920,3361317,1415162,22165,55572980,5978218,,15897,17668
download_size,,10,200,2048,131072,true,2313,976,15819,19109,46701244,3361761,1415216,22165,55573358,5978662,,15940,17026
download_size,,10,200,2048,131072,true,2330,952,15803,19085,46701664,3362757,1415162,22165,55573724,5979646,,15730,16811
download_size,,10,200,2048,131072,true,2356,965,17062,20385,46701568,3362421,1415162,22153,55573628,5979310,,16207,18067
download_size,,10,200,2048,131072,true,2364,956,15756,19077,46700920,3361341,1415162,22165,55572980,5978242,,15083,16940
download_size,,10,200,2048,131072,true,2320,963,16914,20198,46700896,3361341,1415162,22165,55572956,5978278,,16054,17913
download_size,,10,200,2048,131072,true,2380,969,14752,18102,46701172,3361665,1415174,22165,55573244,5978566,,13947,15764
download_size,,10,200,2048,131072,true,2367,1061,15516,18944,46700992,3361341,1415237,22165,55573127,5978242,,15429,16612
download_size,,10,200,2048,131072,true,2375,1007,14491,17873,46700884,3361329,1415162,22165,55572944,5978230,,14400,15538
latency,,10,1000,1024,4096,true,618,772,422,1813,33561424,3296981,729517,21101,34589687,3990654,,428,1224
latency,,10,1000,1024,4096,true,627,799,610,2037,33561352,3296657,729517,21101,34589615,3990330,,608,1438
latency,,10,1000,1024,4096,true,650,779,488,1917,33561352,3296645,729517,21101,34589615,3990318,,489,1296
latency,,10,1000,1024,4096,true,635,766,453,1856,33561376,3296645,729517,21101,34589639,3990318,,461,1251
latency,,10,1000,1024,4096,true,643,754,447,1845,33561364,3296633,729517,21113,34589627,3990318,,437,1217
latency,,10,1000,1024,4096,true,640,774,435,1850,33561364,3296657,729517,21101,34589627,3990330,,434,1232
latency,,10,1000,1024,4096,true,667,752,427,1847,33561352,3296645,729517,21101,34589615,3990318,,433,1213
latency,,10,1000,1024,4096,true,651,754,461,1866,33561352,3296657,729517,21101,34589615,3990330,,450,1238
latency,,10,1000,1024,4096,true,642,751,428,1822,33561328,3296657,729517,21101,34589591,3990330,,427,1211
latency,,10,1000,1024,4096,true,682,769,417,1869,33561364,3296645,729517,21101,34589627,3990318,,416,1211
latency,,25,1000,1024,4096,true,2118,1138,578,3835,33561328,3296633,729517,21101,34589591,3990306,,569,1746
latency,,25,1000,1024,4096,true,995,1175,471,2642,33561352,3296633,729529,21113,34589627,3990318,,458,1669
latency,,25,1000,1024,4096,true,1021,1179,490,2690,33561352,3296633,729517,21101,34589615,3990306,,469,1680
latency,,25,1000,1024,4096,true,946,1162,480,2589,33561328,3296633,729517,21113,34589591,3990318,,473,1666
latency,,25,1000,1024,4096,true,958,1174,484,2617,33561340,3296645,729517,21113,34589603,3990330,,470,1666
latency,,25,1000,1024,4096,true,998,1189,487,2674,33561328,3296633,726934,21113,34589591,3990318,,487,1705
latency,,25,1000,1024,4096,true,935,1229,489,2654,33561340,3296633,729517,21113,34589603,3990318,,474,1731
latency,,25,1000,1024,4096,true,959,1163,454,2577,33561340,3296633,729517,21113,34589603,3990318,,442,1629
latency,,25,1000,1024,4096,true,958,1172,467,2598,33561316,3296657,726934,21101,34589579,3990330,,459,1654
latency,,25,1000,1024,4096,true,1068,1181,490,2739,33561328,3296633,729529,21113,34589603,3990318,,473,1686
latency,,50,1000,1024,4096,true,1747,1725,566,4039,33561352,3296633,729517,21113,34589615,3990318,,565,2307
latency,,50,1000,1024,4096,true,1707,1780,582,4071,33561340,3296633,729517,21113,34589603,3990318,,575,2376
latency,,50,1000,1024,4096,true,1697,1736,568,4002,33561352,3296633,729517,21101,34589615,3990306,,560,2314
latency,,50,1000,1024,4096,true,1718,1767,537,4024,33561352,3296633,729517,21113,34589615,3990318,,523,2312
latency,,50,1000,1024,4096,true,1778,1772,582,4133,33561352,3296633,729517,21113,34589615,3990318,,573,2365
latency,,50,1000,1024,4096,true,1701,1749,554,4005,33561352,3296657,729517,21113,34589615,3990342,,543,2313
latency,,50,1000,1024,4096,true,1748,1777,573,4099,33561352,3296633,729517,21113,34589615,3990318,,557,2353
latency,,50,1000,1024,4096,true,1699,1713,560,3972,33561340,3296633,729517,21101,34589603,3990306,,554,2288
latency,,50,1000,1024,4096,true,1720,1766,560,4047,33561328,3296633,729517,21101,34589591,3990306,,548,2335
latency,,50,1000,1024,4096,true,1699,1699,632,4032,33561352,3296633,729517,21101,34589615,3990306,,613,2338
latency,,100,1000,1024,4096,true,3331,2838,786,6955,33561340,3296633,729517,21101,34589603,3990306,,787,3645
latency,,100,1000,1024,4096,true,3181,2889,792,6863,33561340,3296633,729517,21101,34589603,3990306,,784,3694
latency,,100,1000,1024,4096,true,3268,2935,768,6972,33561328,3296633,729517,21101,34589591,3990306,,759,3716
latency,,100,1000,1024,4096,true,3364,2933,743,7040,33561352,3296645,729517,21101,34589615,3990318,,744,3697
latency,,100,1000,1024,4096,true,3354,2928,762,7045,33561352,3296645,729517,21113,34589615,3990330,,754,3698
latency,,100,1000,1024,4096,true,3243,2936,711,6892,33561340,3296633,729517,21089,34589603,3990294,,716,3670
latency,,100,1000,1024,4096,true,3461,2843,742,7048,33561352,3296657,729517,21101,34589615,3990330,,733,3604
latency,,100,1000,1024,4096,true,3344,2896,772,7013,33561340,3296645,729517,21101,34589603,3990318,,773,3689
latency,,100,1000,1024,4096,true,3245,2915,799,6960,33561328,3296645,729517,21089,34589591,3990306,,790,3724
latency,,100,1000,1024,4096,true,3364,2922,775,7063,33561340,3296645,729517,21101,34589603,3990318,,771,3711
latency,,200,1000,1024,4096,true,6425,5125,1148,12699,33561352,3296645,729541,21125,34589639,3990342,,1145,6293
latency,,200,1000,1024,4096,true,6416,5179,1162,12758,33561328,3296645,729541,21113,34589615,3990330,,1154,6362
latency,,200,1000,1024,4096,true,6249,5162,1162,12573,33561340,3296633,729541,21113,34589627,3990318,,1156,6346
latency,,200,1000,1024,4096,true,6456,5199,1140,12797,33561352,3296645,729541,21125,34589639,3990342,,1147,6367
latency,,200,1000,1024,4096,true,6422,5194,1181,12797,33561340,3296633,729541,21125,34589627,3990330,,1181,6391
latency,,200,1000,1024,4096,true,6268,5226,1153,12648,33561328,3296633,729541,21113,34589615,3990318,,1144,6394
latency,,200,1000,1024,4096,true,6429,5218,1166,12814,33561340,3296633,729541,21125,34589627,3990330,,1179,6416
latency,,200,1000,1024,4096,true,6228,5189,1145,12563,33561340,3296633,729541,21125,34589627,3990330,,1135,6349
latency,,200,1000,1024,4096,true,6258,5206,1162,12627,33561340,3296633,729541,21125,34589627,3990330,,1161,6384
latency,,200,1000,1024,4096,true,6238,5184,1171,12593,33561340,3296633,729541,21125,34589627,3990330,,1160,6369
